Word,Cost,Clicks,Impressions,Conversions,Top Containing Queries
notary,$58.99,29,286,0.00,"(notary near me, notary public near me, mobile notary)"
me,$36.02,18,249,0.00,"(notary near me, notary public near me, public notary near me)"
near,$36.02,18,247,0.00,"(notary near me, notary public near me, public notary near me)"
public,$20.48,10,50,0.00,"(notary public near me, public notary, public notary near me)"
mobile,$20.42,10,49,0.00,"(mobile notary, mobile notary moorpark, a mobile notary public)"
los angeles,$10.86,3,15,0.00,"(notary los angeles, same day apostille service los angeles, notary public los angeles)"
notaries,$4.14,2,10,0.00,"(how much are mobile notaries, notaries near me, mobile notaries near me)"
a,$3.92,2,12,0.00,"(a mobile notary public, where do i notarize a document, best place to get a notary)"
traveling notary,$3.91,2,7,0.00,"(traveling notary near me, traveling notary, traveling notary services)"
moorpark,$4.40,2,1,0.00,(mobile notary moorpark)
mobilenotary,$1.98,1,1,0.00,(mobilenotary)
notarize,$1.97,1,7,0.00,"(where do i notarize a document, notarize documents near me, notarize near me)"
fee,$1.98,1,1,0.00,(mobile notary fee)
how much,$2.19,1,4,0.00,"(how much are mobile notaries, how much do mobile notary charge, how much does it cost for a notary to come to your house)"
do,$1.97,1,2,0.00,"(where do i notarize a document, how much do mobile notary charge)"
dfw,$1.96,1,1,0.00,(dfw mobile notary)
local notary,$1.98,1,4,0.00,"(local notary public near me, local notary, local notary near me)"
24,$2.00,1,1,0.00,(24 hour notary near me)
a document,$1.97,1,2,0.00,"(where do i notarize a document, where to go to notarize a document)"
apostille,$6.52,1,15,0.00,"(same day apostille service los angeles, same day apostille la, same day apostille la los angeles)"
notary publics,$1.98,1,2,0.00,"(mobile notary publics, where are notary publics)"
hour,$2.00,1,1,0.00,(24 hour notary near me)
are,$2.19,1,2,0.00,"(how much are mobile notaries, where are notary publics)"
where,$1.97,1,10,0.00,"(where do i notarize a document, where are notary publics, where can i get a letter notarized near me)"
same day,$6.52,1,15,0.00,"(same day apostille service los angeles, same day apostille la, same day apostille la los angeles)"
i,$1.97,1,6,0.00,"(where do i notarize a document, i need a notary near me, where can i get a letter notarized near me)"
service,$6.52,1,11,0.00,"(same day apostille service los angeles, mobile notary service, notary service)"
fees,$0.00,0,1,0.00,(nj mobile notary fees)
republic,$0.00,0,1,0.00,(mobile notary republic)
charles,$0.00,0,1,0.00,(a1 mobile notary lake charles)
your,$0.00,0,1,0.00,(how much does it cost for a notary to come to your house)
ohio,$0.00,0,1,0.00,(mobile notary columbus ohio)
office,$0.00,0,1,0.00,(notary office near me)
remote,$0.00,0,1,0.00,(remote mobile notary)
nearby,$0.00,0,1,0.00,(notary nearby)
nearest,$0.00,0,1,0.00,(nearest notary to me)
notario,$0.00,0,5,0.00,(notario publico near me)
notarized,$0.00,0,4,0.00,"(notarized near me, where can i get a letter notarized near me, where can you get a form notarized)"
that,$0.00,0,4,0.00,"(notary that comes to you near me, notary that will come to you, places that notarize near me)"
price,$0.00,0,1,0.00,(mobile notary san antonio price)
find,$0.00,0,1,0.00,(where to find a notary near me)
massachusetts,$0.00,0,1,0.00,(mobile notary massachusetts)
publicos,$0.00,0,2,0.00,(notarios publicos near me)
notary services,$0.00,0,22,0.00,"(local notary services near me, mobile notary services, near notary services)"
huntington,$0.00,0,1,0.00,(mobile notary huntington beach)
you,$0.00,0,4,0.00,"(notary that comes to you near me, notary that will come to you, where can you get a form notarized)"
travelling,$0.00,0,1,0.00,(travelling notary public near me)
antonio,$0.00,0,1,0.00,(mobile notary san antonio price)
in,$0.00,0,1,0.00,(notary in person)
need,$0.00,0,1,0.00,(i need a notary near me)
documents near,$0.00,0,2,0.00,"(notarize documents near me, who can notarize documents near me)"
is,$0.00,0,1,0.00,(how much is a mobile notary)
riverside,$0.00,0,1,0.00,(mobile notary riverside)
it,$0.00,0,1,0.00,(how much does it cost for a notary to come to your house)
my,$0.00,0,1,0.00,(closest notary to my location)
come to,$0.00,0,2,0.00,"(how much does it cost for a notary to come to your house, notary that will come to you)"
person,$0.00,0,1,0.00,(notary in person)
letter,$0.00,0,1,0.00,(where can i get a letter notarized near me)
nj,$0.00,0,1,0.00,(nj mobile notary fees)
atlanta,$0.00,0,1,0.00,(mobile notary atlanta ga)
lake,$0.00,0,1,0.00,(a1 mobile notary lake charles)
columbus,$0.00,0,1,0.00,(mobile notary columbus ohio)
who,$0.00,0,2,0.00,"(who can notarize documents near me, who provides notary services)"
comes,$0.00,0,2,0.00,(notary that comes to you near me)
for,$0.00,0,1,0.00,(how much does it cost for a notary to come to your house)
best,$0.00,0,1,0.00,(best place to get a notary)
house,$0.00,0,1,0.00,(how much does it cost for a notary to come to your house)
apostille la,$0.00,0,6,0.00,"(same day apostille la, same day apostille la los angeles)"
can,$0.00,0,6,0.00,"(where can i get a letter notarized near me, where can i get a notary near me, where can i notarize)"
open now,$0.00,0,3,0.00,"(notary services open now, public notary near me open now)"
does,$0.00,0,1,0.00,(how much does it cost for a notary to come to your house)
provides,$0.00,0,1,0.00,(who provides notary services)
get,$0.00,0,6,0.00,"(best place to get a notary, where can i get a letter notarized near me, where can i get a notary near me)"
of,$0.00,0,1,0.00,(cost of mobile notary)
notarios,$0.00,0,2,0.00,(notarios publicos near me)
ga,$0.00,0,1,0.00,(mobile notary atlanta ga)
place,$0.00,0,1,0.00,(best place to get a notary)
close,$0.00,0,2,0.00,(notaries close to me)
publico,$0.00,0,5,0.00,(notario publico near me)
san,$0.00,0,1,0.00,(mobile notary san antonio price)
charge,$0.00,0,1,0.00,(how much do mobile notary charge)
cost,$0.00,0,2,0.00,"(cost of mobile notary, how much does it cost for a notary to come to your house)"
will,$0.00,0,3,0.00,"(notary that will come to you, will notary near me)"
go,$0.00,0,1,0.00,(where to go to notarize a document)
a1,$0.00,0,1,0.00,(a1 mobile notary lake charles)
places,$0.00,0,1,0.00,(places that notarize near me)
form,$0.00,0,1,0.00,(where can you get a form notarized)
beach,$0.00,0,1,0.00,(mobile notary huntington beach)
websites,$0.00,0,1,0.00,(mobile notary websites)
sathish,$0.00,0,1,0.00,(sathish notary)
location,$0.00,0,1,0.00,(closest notary to my location)
to,$0.00,0,12,0.00,"(best place to get a notary, closest notary to my location, how much does it cost for a notary to come to your house)"
closest,$0.00,0,1,0.00,(closest notary to my location)
